{
  "adam_0":{
    "boolq":0.628,
    "cb":0.4107142857,
    "cola":0.6912751678,
    "copa":0.55,
    "mnli":0.35,
    "mrpc":0.6151960784,
    "qnli":0.5155,
    "qqp":0.6215,
    "rte":0.5198555957,
    "sst2":0.4908256881,
    "wic":0.5
  },
  "lora_0":{
    "boolq":0.628,
    "cb":0.4107142857,
    "cola":0.6874400767,
    "copa":0.51,
    "mnli":0.312,
    "mrpc":0.6715686275,
    "qnli":0.5155,
    "qqp":0.482,
    "rte":0.476534296,
    "sst2":0.4908256881,
    "wic":0.5047021944
  },
  "adam_42":{
    "boolq":0.5703125,
    "cb":0.6607142857,
    "cola":0.6640625,
    "copa":0.51,
    "mnli":0.4453125,
    "mrpc":0.6640625,
    "qnli":0.46875,
    "qqp":0.71875,
    "rte":0.5625,
    "sst2":0.5390625,
    "wic":0.484375
  },
  "lora_42":{
    "boolq":0.578125,
    "cb":0.5,
    "cola":0.6640625,
    "copa":0.43,
    "mnli":0.4609375,
    "mrpc":0.6640625,
    "qnli":0.46875,
    "qqp":0.71875,
    "rte":0.5703125,
    "sst2":0.5390625,
    "wic":0.4765625
  },
  "baseline":{
    "boolq":0.628,
    "cb":0.4107142857,
    "cola":0.6912751678,
    "copa":0.55,
    "mnli":0.3015,
    "mrpc":0.3161764706,
    "qnli":0.5155,
    "qqp":0.654,
    "rte":0.5270758123,
    "sst2":0.4908256881,
    "wic":0.5
  }
}